data,pm10,so2,no2,o3,co
2014-11-18 17:00:00,32.4,,,,
2014-11-18 18:00:00,43.3,,,,
2014-11-18 19:00:00,50.8,,,,
2014-11-18 20:00:00,54.5,,,,
2014-11-18 21:00:00,57.9,,,,
2014-11-18 22:00:00,66.9,,,,
2014-11-18 23:00:00,60.7,,,,
2014-11-19 00:00:00,46.0,,,,
2014-11-19 01:00:00,43.1,,,,
2014-11-19 02:00:00,43.8,,,,
2014-11-19 03:00:00,46.2,,,,
2014-11-19 04:00:00,41.3,,,,
2014-11-19 05:00:00,38.5,,,,
2014-11-19 06:00:00,38.1,,,,
2014-11-19 07:00:00,47.3,,,,
2014-11-19 08:00:00,40.2,,,,
2014-11-19 09:00:00,21.1,,,,
2014-11-19 10:00:00,12.5,,,,
2014-11-19 11:00:00,6.0,,,,
2014-11-19 12:00:00,6.0,,,,
2014-11-19 13:00:00,16.0,,,,
2014-11-19 14:00:00,40.1,,,,
2014-11-19 15:00:00,51.0,,,,
2014-11-19 16:00:00,50.9,,,,
2014-11-19 17:00:00,52.4,,,,
2014-11-19 18:00:00,57.8,,,,
2014-11-19 19:00:00,64.3,,,,
2014-11-19 20:00:00,69.9,,,,
2014-11-19 21:00:00,83.8,,,,
2014-11-19 22:00:00,89.6,,,,
2014-11-19 23:00:00,88.1,,,,
2014-11-20 00:00:00,74.1,,,,
2014-11-20 01:00:00,52.4,,,,
2014-11-20 02:00:00,34.6,,,,
2014-11-20 03:00:00,27.9,,,,
2014-11-20 04:00:00,29.6,,,,
2014-11-20 05:00:00,24.9,,,,
2014-11-20 06:00:00,19.7,,,,
2014-11-20 07:00:00,18.8,,,,
2014-11-20 08:00:00,17.1,,,,
2014-11-20 09:00:00,13.6,,,,
2014-11-20 10:00:00,17.3,,,,
2014-11-20 11:00:00,16.1,,,,
2014-11-20 12:00:00,20.4,,,,
2014-11-20 13:00:00,24.0,,,,
2014-11-20 14:00:00,16.9,,,,
2014-11-20 15:00:00,17.4,,,,
2014-11-20 16:00:00,23.1,,,,
2014-11-20 17:00:00,36.6,,,,
2014-11-20 18:00:00,49.3,,,,
2014-11-20 19:00:00,53.2,,,,
2014-11-20 20:00:00,72.3,,,,
2014-11-20 21:00:00,77.9,,,,
2014-11-20 22:00:00,71.3,,,,
2014-11-20 23:00:00,66.3,,,,
2014-11-21 00:00:00,61.3,,,,
2014-11-21 01:00:00,48.5,,,,
2014-11-21 02:00:00,40.2,,,,
2014-11-21 03:00:00,32.9,,,,
2014-11-21 04:00:00,37.1,,,,
2014-11-21 05:00:00,45.4,,,,
2014-11-21 06:00:00,41.5,,,,
2014-11-21 07:00:00,36.4,,,,
2014-11-21 08:00:00,27.5,,,,
2014-11-21 09:00:00,16.3,,,,
2014-11-21 10:00:00,6.0,,,,
2014-11-21 11:00:00,6.0,,,,
2014-11-21 12:00:00,6.0,,,,
2014-11-21 13:00:00,23.6,,,,
2014-11-21 14:00:00,41.2,,,,
2014-11-21 15:00:00,43.2,,,,
2014-11-21 16:00:00,37.4,,,,
2014-11-21 17:00:00,41.0,,,,
2014-11-21 18:00:00,58.7,,,,
2014-11-21 19:00:00,55.1,,,,
2014-11-21 20:00:00,45.1,,,,
2014-11-21 21:00:00,52.0,,,,
2014-11-21 22:00:00,70.2,,,,
2014-11-21 23:00:00,63.9,,,,
2014-11-22 00:00:00,37.4,,,,
2014-11-22 01:00:00,19.2,,,,
2014-11-22 02:00:00,6.0,,,,
2014-11-22 03:00:00,6.0,,,,
2014-11-22 04:00:00,21.7,,,,
2014-11-22 05:00:00,30.4,,,,
2014-11-22 06:00:00,19.6,,,,
2014-11-22 07:00:00,6.0,,,,
2014-11-22 08:00:00,6.0,,,,
2014-11-22 09:00:00,6.0,,,,
2014-11-22 10:00:00,6.0,,,,
2014-11-22 11:00:00,6.0,,,,
2014-11-22 12:00:00,6.0,,,,
2014-11-22 13:00:00,6.0,,,,
2014-11-22 14:00:00,6.0,,,,
2014-11-22 15:00:00,6.0,,,,
2014-11-22 16:00:00,6.0,,,,
2014-11-22 17:00:00,6.0,,,,
2014-11-22 18:00:00,6.0,,,,
2014-11-22 19:00:00,6.0,,,,
2014-11-22 20:00:00,6.0,,,,
2014-11-22 21:00:00,13.8,,,,
2014-11-22 22:00:00,17.1,,,,
2014-11-22 23:00:00,25.3,,,,
2014-11-23 00:00:00,27.6,,,,
2014-11-23 01:00:00,22.7,,,,
2014-11-23 02:00:00,16.3,,,,
2014-11-23 03:00:00,6.0,,,,
2014-11-23 04:00:00,6.0,,,,
2014-11-23 05:00:00,6.0,,,,
2014-11-23 06:00:00,12.0,,,,
2014-11-23 07:00:00,19.3,,,,
2014-11-23 08:00:00,16.0,,,,
2014-11-23 09:00:00,6.0,,,,
2014-11-23 10:00:00,6.0,,,,
2014-11-23 11:00:00,6.0,,,,
2014-11-23 12:00:00,6.0,,,,
2014-11-23 13:00:00,6.0,,,,
2014-11-23 14:00:00,6.0,,,,
2014-11-23 15:00:00,17.5,,,,
2014-11-23 17:00:00,6.0,,,,
2014-11-23 18:00:00,6.0,,,,
2014-11-23 19:00:00,15.3,,,,
2014-11-23 20:00:00,25.1,,,,
2014-11-23 21:00:00,22.0,,,,
2014-11-23 22:00:00,15.5,,,,
2014-11-23 23:00:00,17.0,,,,
2014-11-24 00:00:00,17.9,,,,
2014-11-24 01:00:00,14.5,,,,
2014-11-24 02:00:00,12.7,,,,
2014-11-24 03:00:00,12.2,,,,
2014-11-24 04:00:00,23.4,,,,
2014-11-24 05:00:00,24.4,,,,
2014-11-24 06:00:00,15.5,,,,
2014-11-24 07:00:00,6.0,,,,
2014-11-24 08:00:00,15.7,,,,
2014-11-24 09:00:00,22.1,,,,
2014-11-24 10:00:00,37.1,,,,
2014-11-24 11:00:00,46.5,,,,
2014-11-24 12:00:00,33.4,,,,
2014-11-24 13:00:00,18.6,,,,
2014-11-24 14:00:00,16.3,,,,
2014-11-24 15:00:00,13.8,,,,
2014-11-24 16:00:00,6.0,,,,
2014-11-24 17:00:00,19.4,,,,
2014-11-24 18:00:00,20.0,,,,
2014-11-24 19:00:00,34.0,,,,
2014-11-24 20:00:00,50.8,,,,
2014-11-24 21:00:00,49.7,,,,
2014-11-24 22:00:00,47.2,,,,
2014-11-24 23:00:00,54.9,,,,
2014-11-25 00:00:00,56.5,,,,
2014-11-25 01:00:00,57.4,,,,
2014-11-25 02:00:00,58.0,,,,
2014-11-25 03:00:00,65.7,,,,
2014-11-25 04:00:00,71.7,,,,
2014-11-25 05:00:00,61.7,,,,
2014-11-25 06:00:00,56.9,,,,
2014-11-25 07:00:00,119.7,,,,
2014-11-25 08:00:00,121.8,,,,
2014-11-25 09:00:00,76.1,,,,
2014-11-25 10:00:00,49.3,,,,
2014-11-25 11:00:00,24.8,,,,
2014-11-25 12:00:00,12.4,,,,
2014-11-25 13:00:00,6.0,,,,
2014-11-25 14:00:00,6.0,,,,
2014-11-25 15:00:00,6.0,,,,
2014-11-25 16:00:00,6.0,,,,
2014-11-25 17:00:00,16.0,,,,
2014-11-25 18:00:00,24.1,,,,
2014-11-25 19:00:00,37.6,,,,
2014-11-25 20:00:00,48.0,,,,
2014-11-25 21:00:00,49.5,,,,
2014-11-25 22:00:00,50.9,,,,
2014-11-25 23:00:00,52.2,,,,
2014-11-26 00:00:00,53.2,,,,
2014-11-26 01:00:00,63.0,,,,
2014-11-26 02:00:00,78.6,,,,
2014-11-26 03:00:00,72.8,,,,
2014-11-26 04:00:00,83.7,,,,
2014-11-26 05:00:00,113.5,,,,
2014-11-26 06:00:00,96.5,,,,
2014-11-26 07:00:00,53.9,,,,
2014-11-26 08:00:00,36.4,,,,
2014-11-26 09:00:00,29.9,,,,
2014-11-26 10:00:00,37.3,,,,
2014-11-26 11:00:00,33.8,,,,
2014-11-26 12:00:00,17.6,,,,
2014-11-26 13:00:00,18.1,,,,
2014-11-26 14:00:00,24.0,,,,
2014-11-26 15:00:00,23.4,,,,
2014-11-26 16:00:00,16.7,,,,
2014-11-26 17:00:00,19.5,,,,
2014-11-26 18:00:00,31.4,,,,
2014-11-26 19:00:00,39.5,,,,
2014-11-26 20:00:00,40.2,,,,
2014-11-26 21:00:00,43.4,,,,
2014-11-26 22:00:00,48.1,,,,
2014-11-26 23:00:00,51.8,,,,
2014-11-27 00:00:00,56.9,,,,
2014-11-27 01:00:00,51.9,,,,
2014-11-27 02:00:00,45.5,,,,
2014-11-27 03:00:00,53.9,,,,
2014-11-27 04:00:00,57.1,,,,
2014-11-27 05:00:00,50.9,,,,
2014-11-27 06:00:00,49.7,,,,
2014-11-27 07:00:00,37.8,,,,
2014-11-27 08:00:00,20.6,,,,
2014-11-27 09:00:00,6.0,,,,
2014-11-27 10:00:00,6.0,,,,
2014-11-27 11:00:00,6.0,,,,
2014-11-27 12:00:00,6.0,,,,
2014-11-27 13:00:00,6.0,,,,
2014-11-27 14:00:00,13.8,,,,
2014-11-27 15:00:00,16.9,,,,
2014-11-27 16:00:00,18.2,,,,
2014-11-27 17:00:00,17.6,,,,
2014-11-27 18:00:00,12.5,,,,
2014-11-27 19:00:00,15.9,,,,
2014-11-27 20:00:00,26.5,,,,
2014-11-27 21:00:00,36.2,,,,
2014-11-27 22:00:00,43.6,,,,
2014-11-27 23:00:00,54.2,,,,
2014-11-28 00:00:00,45.5,,,,
2014-11-28 01:00:00,32.6,,,,
2014-11-28 02:00:00,33.5,,,,
2014-11-28 03:00:00,29.5,,,,
2014-11-28 04:00:00,28.3,,,,
2014-11-28 05:00:00,24.0,,,,
2014-11-28 06:00:00,14.0,,,,
2014-11-28 07:00:00,25.6,,,,
2014-11-28 08:00:00,27.5,,,,
2014-11-28 09:00:00,14.8,,,,
2014-11-28 10:00:00,6.0,,,,
2014-11-28 11:00:00,6.0,,,,
2014-11-28 12:00:00,6.0,,,,
2014-11-28 13:00:00,12.8,,,,
2014-11-28 14:00:00,17.8,,,,
2014-11-28 15:00:00,6.0,,,,
2014-11-28 16:00:00,13.1,,,,
2014-11-28 17:00:00,29.1,,,,
2014-11-28 18:00:00,26.6,,,,
2014-11-28 19:00:00,18.1,,,,
2014-11-28 20:00:00,20.6,,,,
2014-11-28 21:00:00,22.1,,,,
2014-11-28 22:00:00,33.3,,,,
2014-11-28 23:00:00,34.8,,,,
2014-11-29 00:00:00,24.2,,,,
2014-11-29 01:00:00,22.0,,,,
2014-11-29 02:00:00,27.4,,,,
2014-11-29 03:00:00,31.0,,,,
2014-11-29 04:00:00,22.4,,,,
2014-11-29 05:00:00,19.6,,,,
2014-11-29 06:00:00,21.4,,,,
2014-11-29 07:00:00,15.8,,,,
2014-11-29 08:00:00,6.0,,,,
2014-11-29 09:00:00,6.0,,,,
2014-11-29 10:00:00,6.0,,,,
2014-11-29 11:00:00,6.0,,,,
2014-11-29 12:00:00,6.0,,,,
2014-11-29 13:00:00,6.0,,,,
2014-11-29 14:00:00,13.1,,,,
2014-11-29 15:00:00,18.0,,,,
2014-11-29 16:00:00,26.2,,,,
2014-11-29 17:00:00,29.2,,,,
2014-11-29 18:00:00,39.3,,,,
2014-11-29 19:00:00,42.6,,,,
2014-11-29 20:00:00,46.9,,,,
2014-11-29 21:00:00,55.0,,,,
2014-11-29 22:00:00,61.9,,,,
2014-11-29 23:00:00,66.6,,,,
2014-11-30 00:00:00,59.8,,,,
2014-11-30 01:00:00,48.1,,,,
2014-11-30 02:00:00,43.4,,,,
2014-11-30 03:00:00,44.2,,,,
2014-11-30 04:00:00,37.4,,,,
2014-11-30 05:00:00,30.1,,,,
2014-11-30 06:00:00,27.1,,,,
2014-11-30 07:00:00,28.8,,,,
2014-11-30 08:00:00,23.6,,,,
2014-11-30 09:00:00,13.7,,,,
2014-11-30 10:00:00,6.0,,,,
2014-11-30 11:00:00,6.0,,,,
2014-11-30 12:00:00,6.0,,,,
2014-11-30 13:00:00,13.0,,,,
2014-11-30 14:00:00,14.9,,,,
2014-11-30 15:00:00,6.0,,,,
2014-11-30 16:00:00,6.0,,,,
2014-11-30 17:00:00,6.0,,,,
2014-11-30 18:00:00,21.2,,,,
2014-11-30 19:00:00,44.1,,,,
2014-11-30 20:00:00,60.2,,,,
2014-11-30 21:00:00,61.9,,,,
2014-11-30 22:00:00,71.2,,,,
2014-11-30 23:00:00,86.2,,,,
2014-12-01 00:00:00,88.6,,,,
2014-12-01 01:00:00,64.9,,,,
2014-12-01 02:00:00,34.2,,,,
2014-12-01 03:00:00,18.8,,,,
2014-12-01 04:00:00,6.0,,,,
2014-12-01 05:00:00,6.0,,,,
2014-12-01 06:00:00,6.0,,,,
2014-12-01 07:00:00,6.0,,,,
2014-12-01 08:00:00,6.0,,,,
2014-12-01 09:00:00,6.0,,,,
2014-12-01 10:00:00,19.0,,,,
2014-12-01 11:00:00,25.7,,,,
2014-12-01 12:00:00,32.3,,,,
2014-12-01 13:00:00,41.9,,,,
2014-12-01 14:00:00,36.9,,,,
2014-12-01 15:00:00,21.7,,,,
2014-12-01 16:00:00,16.6,,,,
2014-12-01 17:00:00,20.5,,,,
2014-12-01 18:00:00,19.3,,,,
2014-12-01 19:00:00,30.8,,,,
2014-12-01 20:00:00,52.0,,,,
2014-12-01 21:00:00,67.3,,,,
2014-12-01 22:00:00,80.2,,,,
2014-12-01 23:00:00,79.1,,,,
2014-12-02 00:00:00,65.7,,,,
2014-12-02 01:00:00,81.2,,,,
2014-12-02 02:00:00,89.0,,,,
2014-12-02 03:00:00,71.7,,,,
2014-12-02 04:00:00,61.7,,,,
2014-12-02 05:00:00,44.9,,,,
2014-12-02 06:00:00,28.0,,,,
2014-12-02 07:00:00,17.4,,,,
2014-12-02 08:00:00,6.0,,,,
2014-12-02 09:00:00,6.0,,,,
2014-12-02 10:00:00,6.0,,,,
2014-12-02 11:00:00,6.0,,,,
2014-12-02 12:00:00,6.0,,,,
2014-12-02 13:00:00,6.0,,,,
2014-12-02 14:00:00,6.0,,,,
2014-12-02 15:00:00,29.5,,,,
2014-12-02 16:00:00,44.5,,,,
2014-12-02 17:00:00,33.1,,,,
2014-12-02 18:00:00,30.4,,,,
2014-12-02 19:00:00,37.0,,,,
2014-12-02 20:00:00,46.8,,,,
2014-12-02 21:00:00,59.5,,,,
2014-12-02 22:00:00,52.4,,,,
2014-12-02 23:00:00,31.2,,,,
2014-12-03 00:00:00,26.7,,,,
2014-12-03 01:00:00,33.6,,,,
2014-12-03 02:00:00,26.6,,,,
2014-12-03 03:00:00,14.4,,,,
2014-12-03 04:00:00,6.0,,,,
2014-12-03 05:00:00,6.0,,,,
2014-12-03 06:00:00,6.0,,,,
2014-12-03 07:00:00,13.7,,,,
2014-12-03 08:00:00,16.5,,,,
2014-12-03 09:00:00,6.0,,,,
2014-12-03 10:00:00,6.0,,,,
2014-12-03 11:00:00,6.0,,,,
2014-12-03 12:00:00,6.0,,,,
2014-12-03 13:00:00,6.0,,,,
2014-12-03 14:00:00,6.0,,,,
2014-12-03 15:00:00,6.0,,,,
2014-12-03 16:00:00,6.0,,,,
2014-12-03 17:00:00,6.0,,,,
2014-12-03 18:00:00,6.0,,,,
2014-12-03 19:00:00,6.0,,,,
2014-12-03 20:00:00,18.2,,,,
2014-12-03 21:00:00,44.0,,,,
2014-12-03 22:00:00,62.5,,,,
2014-12-03 23:00:00,54.6,,,,
2014-12-04 00:00:00,50.4,,,,
2014-12-04 01:00:00,43.4,,,,
2014-12-04 02:00:00,39.6,,,,
2014-12-04 03:00:00,44.0,,,,
2014-12-04 04:00:00,41.2,,,,
2014-12-04 05:00:00,40.2,,,,
2014-12-04 06:00:00,34.7,,,,
2014-12-04 07:00:00,33.8,,,,
2014-12-04 08:00:00,31.8,,,,
2014-12-04 09:00:00,27.5,,,,
2014-12-04 10:00:00,28.4,,,,
2014-12-04 11:00:00,29.8,,,,
2014-12-04 12:00:00,33.4,,,,
2014-12-04 13:00:00,44.5,,,,
2014-12-04 14:00:00,51.7,,,,
2014-12-04 15:00:00,37.8,,,,
2014-12-04 16:00:00,20.2,,,,
2014-12-05 17:00:00,17.3,,,,
2014-12-05 18:00:00,17.3,,,,
2014-12-05 19:00:00,17.3,,,,
2014-12-05 20:00:00,17.3,,,,
2014-12-05 21:00:00,17.3,,,,
2014-12-05 22:00:00,17.3,,,,
2014-12-05 23:00:00,17.3,,,,
2014-12-06 00:00:00,17.3,,,,
2014-12-06 17:00:00,6.0,,,,
2014-12-06 18:00:00,24.9,,,,
2014-12-06 19:00:00,44.6,,,,
2014-12-06 20:00:00,45.1,,,,
2014-12-06 21:00:00,53.0,,,,
2014-12-06 22:00:00,65.0,,,,
2014-12-06 23:00:00,62.6,,,,
2014-12-07 00:00:00,55.2,,,,
2014-12-07 01:00:00,55.8,,,,
2014-12-07 02:00:00,53.6,,,,
2014-12-07 03:00:00,47.2,,,,
2014-12-07 04:00:00,42.4,,,,
2014-12-07 05:00:00,35.9,,,,
2014-12-07 06:00:00,34.6,,,,
2014-12-07 07:00:00,26.0,,,,
2014-12-07 08:00:00,13.0,,,,
2014-12-07 09:00:00,6.0,,,,
2014-12-07 10:00:00,6.0,,,,
2014-12-07 11:00:00,6.0,,,,
2014-12-07 12:00:00,6.0,,,,
2014-12-07 13:00:00,6.0,,,,
2014-12-07 14:00:00,15.6,,,,
2014-12-07 15:00:00,16.7,,,,
2014-12-07 16:00:00,6.0,,,,
2014-12-07 17:00:00,12.0,,,,
2014-12-07 18:00:00,14.2,,,,
2014-12-07 19:00:00,16.0,,,,
2014-12-07 20:00:00,34.5,,,,
2014-12-07 21:00:00,48.2,,,,
2014-12-07 22:00:00,47.4,,,,
2014-12-07 23:00:00,49.1,,,,
2014-12-08 00:00:00,56.5,,,,
2014-12-08 01:00:00,67.1,,,,
2014-12-08 02:00:00,76.3,,,,
2014-12-08 03:00:00,75.1,,,,
2014-12-08 04:00:00,60.4,,,,
2014-12-08 05:00:00,49.5,,,,
2014-12-08 06:00:00,36.3,,,,
2014-12-08 07:00:00,26.2,,,,
2014-12-08 08:00:00,25.1,,,,
2014-12-08 09:00:00,27.7,,,,
2014-12-08 10:00:00,32.2,,,,
2014-12-08 11:00:00,32.1,,,,
2014-12-08 12:00:00,27.8,,,,
2014-12-08 13:00:00,33.4,,,,
2014-12-08 14:00:00,36.7,,,,
2014-12-08 15:00:00,29.4,,,,
2014-12-08 16:00:00,20.9,,,,
2014-12-08 17:00:00,24.9,,,,
2014-12-08 18:00:00,34.1,,,,
2014-12-08 19:00:00,58.8,,,,
2014-12-08 20:00:00,66.7,,,,
2014-12-08 21:00:00,52.8,,,,
2014-12-08 22:00:00,49.3,,,,
2014-12-08 23:00:00,45.8,,,,
2014-12-09 00:00:00,34.2,,,,
2014-12-09 01:00:00,22.2,,,,
2014-12-09 02:00:00,21.2,,,,
2014-12-09 03:00:00,22.6,,,,
2014-12-09 04:00:00,19.5,,,,
2014-12-09 05:00:00,23.1,,,,
2014-12-09 06:00:00,32.8,,,,
2014-12-09 07:00:00,41.5,,,,
2014-12-09 08:00:00,45.2,,,,
2014-12-09 09:00:00,34.2,,,,
2014-12-09 10:00:00,39.0,,,,
2014-12-09 11:00:00,40.9,,,,
2014-12-09 12:00:00,23.6,,,,
2014-12-09 13:00:00,21.3,,,,
2014-12-09 14:00:00,31.1,,,,
2014-12-09 15:00:00,29.2,,,,
2014-12-09 16:00:00,21.3,,,,
2014-12-09 17:00:00,17.6,,,,
2014-12-09 18:00:00,12.3,,,,
2014-12-09 19:00:00,22.0,,,,
2014-12-09 20:00:00,33.5,,,,
2014-12-09 21:00:00,34.6,,,,
2014-12-09 22:00:00,29.3,,,,
2014-12-09 23:00:00,33.0,,,,
2014-12-10 00:00:00,45.5,,,,
2014-12-10 01:00:00,52.9,,,,
2014-12-10 02:00:00,54.4,,,,
2014-12-10 03:00:00,39.1,,,,
2014-12-10 04:00:00,23.1,,,,
2014-12-10 05:00:00,18.9,,,,
2014-12-10 06:00:00,18.0,,,,
2014-12-10 07:00:00,13.6,,,,
2014-12-10 08:00:00,6.0,,,,
2014-12-10 09:00:00,6.0,,,,
2014-12-10 10:00:00,6.0,,,,
2014-12-10 11:00:00,6.0,,,,
2014-12-10 12:00:00,16.3,,,,
2014-12-10 13:00:00,24.8,,,,
2014-12-10 14:00:00,22.4,,,,
2014-12-10 15:00:00,18.1,,,,
2014-12-10 16:00:00,15.4,,,,
2014-12-10 17:00:00,18.5,,,,
2014-12-10 18:00:00,21.9,,,,
2014-12-10 19:00:00,28.6,,,,
2014-12-10 20:00:00,29.1,,,,
2014-12-10 21:00:00,18.8,,,,
2014-12-10 22:00:00,25.7,,,,
2014-12-10 23:00:00,43.4,,,,
2014-12-11 00:00:00,32.4,,,,
2014-12-11 01:00:00,16.6,,,,
2014-12-11 02:00:00,6.0,,,,
2014-12-11 03:00:00,6.0,,,,
2014-12-11 04:00:00,6.0,,,,
2014-12-11 05:00:00,12.4,,,,
2014-12-11 06:00:00,21.0,,,,
2014-12-11 07:00:00,19.5,,,,
2014-12-11 08:00:00,22.8,,,,
2014-12-11 09:00:00,33.0,,,,
2014-12-11 10:00:00,33.5,,,,
2014-12-11 11:00:00,33.9,,,,
2014-12-11 12:00:00,38.4,,,,
2014-12-11 13:00:00,49.2,,,,
2014-12-11 14:00:00,42.5,,,,
2014-12-11 16:00:00,69.1,,,,
2014-12-11 17:00:00,65.5,,,,
2014-12-11 18:00:00,42.9,,,,
2014-12-11 19:00:00,29.9,,,,
2014-12-11 20:00:00,43.3,,,,
2014-12-11 21:00:00,78.3,,,,
2014-12-11 22:00:00,92.9,,,,
2014-12-11 23:00:00,97.5,,,,
2014-12-12 00:00:00,112.8,,,,
2014-12-12 01:00:00,99.0,,,,
2014-12-12 02:00:00,106.8,,,,
2014-12-12 03:00:00,117.0,,,,
2014-12-12 04:00:00,86.7,,,,
2014-12-12 05:00:00,57.6,,,,
2014-12-12 06:00:00,58.6,,,,
2014-12-12 07:00:00,73.8,,,,
2014-12-12 08:00:00,57.4,,,,
2014-12-12 09:00:00,29.9,,,,
2014-12-12 10:00:00,15.2,,,,
2014-12-12 11:00:00,6.0,,,,
2014-12-12 12:00:00,6.0,,,,
2014-12-12 13:00:00,13.5,,,,
2014-12-12 14:00:00,18.7,,,,
2014-12-12 15:00:00,6.0,,,,
2014-12-12 16:00:00,15.5,,,,
2014-12-12 17:00:00,23.1,,,,
2014-12-12 18:00:00,24.8,,,,
2014-12-12 19:00:00,29.5,,,,
2014-12-12 20:00:00,33.3,,,,
2014-12-12 21:00:00,26.1,,,,
2014-12-12 22:00:00,20.9,,,,
2014-12-12 23:00:00,30.6,,,,
2014-12-13 00:00:00,28.2,,,,
2014-12-13 01:00:00,16.8,,,,
2014-12-13 02:00:00,14.8,,,,
2014-12-13 03:00:00,24.7,,,,
2014-12-13 04:00:00,32.1,,,,
2014-12-13 05:00:00,33.8,,,,
2014-12-13 06:00:00,56.1,,,,
2014-12-13 07:00:00,55.6,,,,
2014-12-13 08:00:00,28.8,,,,
2014-12-13 09:00:00,15.0,,,,
2014-12-13 10:00:00,6.0,,,,
2014-12-13 11:00:00,6.0,,,,
2014-12-13 12:00:00,6.0,,,,
2014-12-13 13:00:00,12.2,,,,
2014-12-13 14:00:00,17.0,,,,
2014-12-13 15:00:00,6.0,,,,
2014-12-13 16:00:00,6.0,,,,
2014-12-13 17:00:00,6.0,,,,
2014-12-13 18:00:00,6.0,,,,
2014-12-13 19:00:00,6.0,,,,
2014-12-13 20:00:00,15.3,,,,
2014-12-13 21:00:00,15.7,,,,
2014-12-13 22:00:00,28.3,,,,
2014-12-13 23:00:00,54.4,,,,
2014-12-14 00:00:00,61.6,,,,
2014-12-14 01:00:00,62.7,,,,
2014-12-14 02:00:00,63.2,,,,
2014-12-14 03:00:00,53.4,,,,
2014-12-14 04:00:00,49.1,,,,
2014-12-14 05:00:00,61.2,,,,
2014-12-14 06:00:00,62.8,,,,
2014-12-14 07:00:00,42.5,,,,
2014-12-14 08:00:00,24.8,,,,
2014-12-14 09:00:00,15.0,,,,
2014-12-14 10:00:00,6.0,,,,
2014-12-14 11:00:00,6.0,,,,
2014-12-14 12:00:00,6.0,,,,
2014-12-14 13:00:00,6.0,,,,
2014-12-14 14:00:00,19.6,,,,
2014-12-14 15:00:00,19.2,,,,
2014-12-14 16:00:00,15.1,,,,
2014-12-14 17:00:00,19.1,,,,
2014-12-14 18:00:00,18.3,,,,
2014-12-14 19:00:00,20.6,,,,
2014-12-14 20:00:00,25.8,,,,
2014-12-14 21:00:00,28.8,,,,
2014-12-14 22:00:00,37.5,,,,
2014-12-14 23:00:00,40.0,,,,
2014-12-15 00:00:00,55.8,,,,
2014-12-15 01:00:00,70.3,,,,
2014-12-15 02:00:00,53.1,,,,
2014-12-15 03:00:00,40.0,,,,
2014-12-15 04:00:00,34.0,,,,
2014-12-15 05:00:00,32.7,,,,
2014-12-15 06:00:00,37.2,,,,
2014-12-15 07:00:00,27.0,,,,
2014-12-15 08:00:00,13.8,,,,
2014-12-15 09:00:00,6.0,,,,
2014-12-15 10:00:00,6.0,,,,
2014-12-15 11:00:00,6.0,,,,
2014-12-15 12:00:00,6.0,,,,
2014-12-15 13:00:00,6.0,,,,
2014-12-15 14:00:00,6.0,,,,
2014-12-15 15:00:00,13.8,,,,
2014-12-15 16:00:00,14.1,,,,
2014-12-15 17:00:00,12.5,,,,
2014-12-15 18:00:00,6.0,,,,
2014-12-15 19:00:00,23.3,,,,
2014-12-15 20:00:00,31.4,,,,
2014-12-15 21:00:00,29.4,,,,
2014-12-15 22:00:00,32.6,,,,
2014-12-15 23:00:00,30.0,,,,
2014-12-16 00:00:00,30.2,,,,
2014-12-16 01:00:00,54.5,,,,
2014-12-16 02:00:00,57.1,,,,
2014-12-16 03:00:00,33.9,,,,
2014-12-16 04:00:00,24.7,,,,
2014-12-16 05:00:00,32.4,,,,
2014-12-16 06:00:00,32.7,,,,
2014-12-16 07:00:00,20.7,,,,
2014-12-16 08:00:00,14.9,,,,
2014-12-16 09:00:00,6.0,,,,
2014-12-16 10:00:00,6.0,,,,
2014-12-16 11:00:00,6.0,,,,
2014-12-16 12:00:00,6.0,,,,
2014-12-16 13:00:00,27.0,,,,
2014-12-16 14:00:00,40.7,,,,
2014-12-16 15:00:00,48.2,,,,
2014-12-16 16:00:00,55.6,,,,
2014-12-16 17:00:00,44.0,,,,
2014-12-16 18:00:00,39.5,,,,
2014-12-16 19:00:00,48.6,,,,
2014-12-16 20:00:00,62.5,,,,
2014-12-16 21:00:00,65.7,,,,
2014-12-16 22:00:00,64.1,,,,
2014-12-16 23:00:00,72.4,,,,
2014-12-17 00:00:00,78.7,,,,
2014-12-17 01:00:00,79.7,,,,
2014-12-17 02:00:00,76.5,,,,
2014-12-17 03:00:00,64.2,,,,
2014-12-17 04:00:00,62.9,,,,
2014-12-17 05:00:00,74.4,,,,
2014-12-17 06:00:00,76.2,,,,
2014-12-17 07:00:00,63.5,,,,
2014-12-17 08:00:00,41.6,,,,
2014-12-17 09:00:00,37.4,,,,
2014-12-17 10:00:00,34.2,,,,
2014-12-17 11:00:00,18.3,,,,
2014-12-17 12:00:00,6.0,,,,
2014-12-17 13:00:00,15.1,,,,
2014-12-17 14:00:00,23.4,,,,
2014-12-17 15:00:00,22.9,,,,
2014-12-17 16:00:00,36.3,,,,
2014-12-17 17:00:00,44.6,,,,
2014-12-17 18:00:00,35.3,,,,
2014-12-17 19:00:00,23.6,,,,
2014-12-17 20:00:00,31.2,,,,
2014-12-17 21:00:00,38.7,,,,
2014-12-17 22:00:00,27.3,,,,
2014-12-17 23:00:00,26.2,,,,
2014-12-18 00:00:00,32.1,,,,
2014-12-18 01:00:00,34.9,,,,
2014-12-18 02:00:00,27.0,,,,
2014-12-18 03:00:00,22.9,,,,
2014-12-18 04:00:00,30.9,,,,
2014-12-18 05:00:00,31.5,,,,
2014-12-18 06:00:00,45.6,,,,
2014-12-18 07:00:00,61.7,,,,
2014-12-18 08:00:00,45.6,,,,
2014-12-18 09:00:00,22.8,,,,
2014-12-18 10:00:00,6.0,,,,
2014-12-18 11:00:00,6.0,,,,
2014-12-18 12:00:00,6.0,,,,
2014-12-18 13:00:00,6.0,,,,
2014-12-18 14:00:00,6.0,,,,
2014-12-18 15:00:00,6.0,,,,
2014-12-18 16:00:00,6.0,,,,
2014-12-18 17:00:00,14.8,,,,
2014-12-18 18:00:00,6.0,,,,
2014-12-18 19:00:00,15.5,,,,
2014-12-18 20:00:00,24.1,,,,
2014-12-18 21:00:00,39.0,,,,
2014-12-18 22:00:00,57.7,,,,
2014-12-18 23:00:00,48.4,,,,
2014-12-19 00:00:00,38.3,,,,
2014-12-19 01:00:00,33.1,,,,
2014-12-19 02:00:00,32.9,,,,
2014-12-19 03:00:00,42.5,,,,
2014-12-19 04:00:00,43.6,,,,
2014-12-19 05:00:00,41.2,,,,
2014-12-19 06:00:00,38.5,,,,
2014-12-19 07:00:00,30.7,,,,
2014-12-19 08:00:00,17.3,,,,
2014-12-19 09:00:00,6.0,,,,
2014-12-19 10:00:00,6.0,,,,
2014-12-19 11:00:00,6.0,,,,
2014-12-19 12:00:00,6.0,,,,
2014-12-19 13:00:00,6.0,,,,
2014-12-19 14:00:00,6.0,,,,
2014-12-19 15:00:00,16.8,,,,
2014-12-19 16:00:00,18.9,,,,
2014-12-19 17:00:00,13.5,,,,
2014-12-19 18:00:00,21.4,,,,
2014-12-19 19:00:00,25.7,,,,
2014-12-19 20:00:00,34.3,,,,
2014-12-19 21:00:00,55.5,,,,
2014-12-19 22:00:00,69.5,,,,
2014-12-19 23:00:00,83.2,,,,
2014-12-20 00:00:00,77.9,,,,
2014-12-20 01:00:00,71.5,,,,
2014-12-20 02:00:00,67.0,,,,
2014-12-20 03:00:00,52.1,,,,
2014-12-20 04:00:00,50.5,,,,
2014-12-20 05:00:00,48.6,,,,
2014-12-20 06:00:00,46.7,,,,
2014-12-20 07:00:00,40.1,,,,
2014-12-20 08:00:00,22.3,,,,
2014-12-20 09:00:00,12.6,,,,
2014-12-20 10:00:00,6.0,,,,
2014-12-20 11:00:00,6.0,,,,
2014-12-20 12:00:00,6.0,,,,
2014-12-20 13:00:00,6.0,,,,
2014-12-20 14:00:00,6.0,,,,
2014-12-20 15:00:00,16.5,,,,
2014-12-20 16:00:00,19.2,,,,
2014-12-20 17:00:00,20.0,,,,
2014-12-20 18:00:00,30.5,,,,
2014-12-20 19:00:00,34.1,,,,
2014-12-20 20:00:00,38.0,,,,
2014-12-20 21:00:00,58.3,,,,
2014-12-20 22:00:00,56.0,,,,
2014-12-20 23:00:00,46.1,,,,
2014-12-21 00:00:00,39.1,,,,
2014-12-21 01:00:00,20.4,,,,
2014-12-21 02:00:00,6.0,,,,
2014-12-21 03:00:00,6.0,,,,
2014-12-21 04:00:00,6.0,,,,
2014-12-21 05:00:00,6.0,,,,
2014-12-21 06:00:00,6.0,,,,
2014-12-21 07:00:00,18.8,,,,
2014-12-21 08:00:00,16.7,,,,
2014-12-21 09:00:00,6.0,,,,
2014-12-21 10:00:00,6.0,,,,
2014-12-21 11:00:00,6.0,,,,
2014-12-21 12:00:00,14.7,,,,
2014-12-21 13:00:00,39.2,,,,
2014-12-21 14:00:00,51.6,,,,
2014-12-21 15:00:00,44.2,,,,
2014-12-21 16:00:00,29.3,,,,
